str_mode,measure,value,cas_mode,city,scenario,country,continent,mode_distance
bus,mean,0,bus,bogota,Baseline predicted,Colombia,Latin_America,38891386.71347463
bus,ub,0,bus,bogota,Baseline predicted,Colombia,Latin_America,38891386.71347463
bus,lb,0,bus,bogota,Baseline predicted,Colombia,Latin_America,38891386.71347463
car,mean,0.68,bus,bogota,Baseline predicted,Colombia,Latin_America,38891386.71347463
car,ub,1.49,bus,bogota,Baseline predicted,Colombia,Latin_America,38891386.71347463
car,lb,0.31,bus,bogota,Baseline predicted,Colombia,Latin_America,38891386.71347463
cycle,mean,0.02,bus,bogota,Baseline predicted,Colombia,Latin_America,38891386.71347463
cycle,ub,0.05,bus,bogota,Baseline predicted,Colombia,Latin_America,38891386.71347463
cycle,lb,0.01,bus,bogota,Baseline predicted,Colombia,Latin_America,38891386.71347463
motorcycle,mean,0.45,bus,bogota,Baseline predicted,Colombia,Latin_America,38891386.71347463
motorcycle,ub,0.97,bus,bogota,Baseline predicted,Colombia,Latin_America,38891386.71347463
motorcycle,lb,0.2,bus,bogota,Baseline predicted,Colombia,Latin_America,38891386.71347463
truck,mean,0.41,bus,bogota,Baseline predicted,Colombia,Latin_America,38891386.71347463
truck,ub,0.89,bus,bogota,Baseline predicted,Colombia,Latin_America,38891386.71347463
truck,lb,0.19,bus,bogota,Baseline predicted,Colombia,Latin_America,38891386.71347463
nov,mean,5.79,bus,bogota,Baseline predicted,Colombia,Latin_America,38891386.71347463
nov,ub,9.93,bus,bogota,Baseline predicted,Colombia,Latin_America,38891386.71347463
nov,lb,3.42,bus,bogota,Baseline predicted,Colombia,Latin_America,38891386.71347463
bus,mean,2.23,car,bogota,Baseline predicted,Colombia,Latin_America,28185306.86771144
bus,ub,3.44,car,bogota,Baseline predicted,Colombia,Latin_America,28185306.86771144
bus,lb,1.45,car,bogota,Baseline predicted,Colombia,Latin_America,28185306.86771144
car,mean,0,car,bogota,Baseline predicted,Colombia,Latin_America,28185306.86771144
car,ub,0,car,bogota,Baseline predicted,Colombia,Latin_America,28185306.86771144
car,lb,0,car,bogota,Baseline predicted,Colombia,Latin_America,28185306.86771144
cycle,mean,0.09,car,bogota,Baseline predicted,Colombia,Latin_America,28185306.86771144
cycle,ub,0.17,car,bogota,Baseline predicted,Colombia,Latin_America,28185306.86771144
cycle,lb,0.05,car,bogota,Baseline predicted,Colombia,Latin_America,28185306.86771144
motorcycle,mean,1.93,car,bogota,Baseline predicted,Colombia,Latin_America,28185306.86771144
motorcycle,ub,2.98,car,bogota,Baseline predicted,Colombia,Latin_America,28185306.86771144
motorcycle,lb,1.25,car,bogota,Baseline predicted,Colombia,Latin_America,28185306.86771144
truck,mean,1.76,car,bogota,Baseline predicted,Colombia,Latin_America,28185306.86771144
truck,ub,2.72,car,bogota,Baseline predicted,Colombia,Latin_America,28185306.86771144
truck,lb,1.14,car,bogota,Baseline predicted,Colombia,Latin_America,28185306.86771144
nov,mean,14.7,car,bogota,Baseline predicted,Colombia,Latin_America,28185306.86771144
nov,ub,23.83,car,bogota,Baseline predicted,Colombia,Latin_America,28185306.86771144
nov,lb,9.24,car,bogota,Baseline predicted,Colombia,Latin_America,28185306.86771144
bus,mean,12.71,cycle,bogota,Baseline predicted,Colombia,Latin_America,3028905.406826921
bus,ub,15.79,cycle,bogota,Baseline predicted,Colombia,Latin_America,3028905.406826921
bus,lb,10.24,cycle,bogota,Baseline predicted,Colombia,Latin_America,3028905.406826921
car,mean,16.81,cycle,bogota,Baseline predicted,Colombia,Latin_America,3028905.406826921
car,ub,20.78,cycle,bogota,Baseline predicted,Colombia,Latin_America,3028905.406826921
car,lb,13.61,cycle,bogota,Baseline predicted,Colombia,Latin_America,3028905.406826921
cycle,mean,0,cycle,bogota,Baseline predicted,Colombia,Latin_America,3028905.406826921
cycle,ub,0,cycle,bogota,Baseline predicted,Colombia,Latin_America,3028905.406826921
cycle,lb,0,cycle,bogota,Baseline predicted,Colombia,Latin_America,3028905.406826921
motorcycle,mean,12.5,cycle,bogota,Baseline predicted,Colombia,Latin_America,3028905.406826921
motorcycle,ub,15.72,cycle,bogota,Baseline predicted,Colombia,Latin_America,3028905.406826921
motorcycle,lb,9.94,cycle,bogota,Baseline predicted,Colombia,Latin_America,3028905.406826921
truck,mean,12.53,cycle,bogota,Baseline predicted,Colombia,Latin_America,3028905.406826921
truck,ub,15.59,cycle,bogota,Baseline predicted,Colombia,Latin_America,3028905.406826921
truck,lb,10.08,cycle,bogota,Baseline predicted,Colombia,Latin_America,3028905.406826921
nov,mean,8.46,cycle,bogota,Baseline predicted,Colombia,Latin_America,3028905.406826921
nov,ub,13.34,cycle,bogota,Baseline predicted,Colombia,Latin_America,3028905.406826921
nov,lb,5.43,cycle,bogota,Baseline predicted,Colombia,Latin_America,3028905.406826921
bus,mean,45.13,motorcycle,bogota,Baseline predicted,Colombia,Latin_America,14050058.883477107
bus,ub,54.38,motorcycle,bogota,Baseline predicted,Colombia,Latin_America,14050058.883477107
bus,lb,37.49,motorcycle,bogota,Baseline predicted,Colombia,Latin_America,14050058.883477107
car,mean,59.77,motorcycle,bogota,Baseline predicted,Colombia,Latin_America,14050058.883477107
car,ub,71.57,motorcycle,bogota,Baseline predicted,Colombia,Latin_America,14050058.883477107
car,lb,49.95,motorcycle,bogota,Baseline predicted,Colombia,Latin_America,14050058.883477107
cycle,mean,1.79,motorcycle,bogota,Baseline predicted,Colombia,Latin_America,14050058.883477107
cycle,ub,2.95,motorcycle,bogota,Baseline predicted,Colombia,Latin_America,14050058.883477107
cycle,lb,1.09,motorcycle,bogota,Baseline predicted,Colombia,Latin_America,14050058.883477107
motorcycle,mean,0,motorcycle,bogota,Baseline predicted,Colombia,Latin_America,14050058.883477107
motorcycle,ub,0,motorcycle,bogota,Baseline predicted,Colombia,Latin_America,14050058.883477107
motorcycle,lb,0,motorcycle,bogota,Baseline predicted,Colombia,Latin_America,14050058.883477107
truck,mean,35.59,motorcycle,bogota,Baseline predicted,Colombia,Latin_America,14050058.883477107
truck,ub,43.08,motorcycle,bogota,Baseline predicted,Colombia,Latin_America,14050058.883477107
truck,lb,29.42,motorcycle,bogota,Baseline predicted,Colombia,Latin_America,14050058.883477107
nov,mean,52.99,motorcycle,bogota,Baseline predicted,Colombia,Latin_America,14050058.883477107
nov,ub,73.31,motorcycle,bogota,Baseline predicted,Colombia,Latin_America,14050058.883477107
nov,lb,38.91,motorcycle,bogota,Baseline predicted,Colombia,Latin_America,14050058.883477107
bus,mean,38.42,pedestrian,bogota,Baseline predicted,Colombia,Latin_America,7623586.646322806
bus,ub,47.21,pedestrian,bogota,Baseline predicted,Colombia,Latin_America,7623586.646322806
bus,lb,31.29,pedestrian,bogota,Baseline predicted,Colombia,Latin_America,7623586.646322806
car,mean,50.81,pedestrian,bogota,Baseline predicted,Colombia,Latin_America,7623586.646322806
car,ub,62.1,pedestrian,bogota,Baseline predicted,Colombia,Latin_America,7623586.646322806
car,lb,41.59,pedestrian,bogota,Baseline predicted,Colombia,Latin_America,7623586.646322806
cycle,mean,2.1,pedestrian,bogota,Baseline predicted,Colombia,Latin_America,7623586.646322806
cycle,ub,3.49,pedestrian,bogota,Baseline predicted,Colombia,Latin_America,7623586.646322806
cycle,lb,1.27,pedestrian,bogota,Baseline predicted,Colombia,Latin_America,7623586.646322806
motorcycle,mean,37.78,pedestrian,bogota,Baseline predicted,Colombia,Latin_America,7623586.646322806
motorcycle,ub,47.04,pedestrian,bogota,Baseline predicted,Colombia,Latin_America,7623586.646322806
motorcycle,lb,30.36,pedestrian,bogota,Baseline predicted,Colombia,Latin_America,7623586.646322806
truck,mean,37.88,pedestrian,bogota,Baseline predicted,Colombia,Latin_America,7623586.646322806
truck,ub,46.6,pedestrian,bogota,Baseline predicted,Colombia,Latin_America,7623586.646322806
truck,lb,30.81,pedestrian,bogota,Baseline predicted,Colombia,Latin_America,7623586.646322806
nov,mean,0,pedestrian,bogota,Baseline predicted,Colombia,Latin_America,7623586.646322806
nov,ub,0,pedestrian,bogota,Baseline predicted,Colombia,Latin_America,7623586.646322806
nov,lb,0,pedestrian,bogota,Baseline predicted,Colombia,Latin_America,7623586.646322806
bus,mean,0.14,truck,bogota,Baseline predicted,Colombia,Latin_America,6761083.388006915
bus,ub,0.57,truck,bogota,Baseline predicted,Colombia,Latin_America,6761083.388006915
bus,lb,0.03,truck,bogota,Baseline predicted,Colombia,Latin_America,6761083.388006915
car,mean,0.18,truck,bogota,Baseline predicted,Colombia,Latin_America,6761083.388006915
car,ub,0.76,truck,bogota,Baseline predicted,Colombia,Latin_America,6761083.388006915
car,lb,0.04,truck,bogota,Baseline predicted,Colombia,Latin_America,6761083.388006915
cycle,mean,0.01,truck,bogota,Baseline predicted,Colombia,Latin_America,6761083.388006915
cycle,ub,0.02,truck,bogota,Baseline predicted,Colombia,Latin_America,6761083.388006915
cycle,lb,0,truck,bogota,Baseline predicted,Colombia,Latin_America,6761083.388006915
motorcycle,mean,0.12,truck,bogota,Baseline predicted,Colombia,Latin_America,6761083.388006915
motorcycle,ub,0.5,truck,bogota,Baseline predicted,Colombia,Latin_America,6761083.388006915
motorcycle,lb,0.03,truck,bogota,Baseline predicted,Colombia,Latin_America,6761083.388006915
truck,mean,0,truck,bogota,Baseline predicted,Colombia,Latin_America,6761083.388006915
truck,ub,0,truck,bogota,Baseline predicted,Colombia,Latin_America,6761083.388006915
truck,lb,0,truck,bogota,Baseline predicted,Colombia,Latin_America,6761083.388006915
nov,mean,1.11,truck,bogota,Baseline predicted,Colombia,Latin_America,6761083.388006915
nov,ub,2.9,truck,bogota,Baseline predicted,Colombia,Latin_America,6761083.388006915
nov,lb,0.43,truck,bogota,Baseline predicted,Colombia,Latin_America,6761083.388006915
bus,mean,0,bus,bogota,Cycling,Colombia,Latin_America,37473492.282025985
bus,ub,0,bus,bogota,Cycling,Colombia,Latin_America,37473492.282025985
bus,lb,0,bus,bogota,Cycling,Colombia,Latin_America,37473492.282025985
car,mean,0.66,bus,bogota,Cycling,Colombia,Latin_America,37473492.282025985
car,ub,1.44,bus,bogota,Cycling,Colombia,Latin_America,37473492.282025985
car,lb,0.3,bus,bogota,Cycling,Colombia,Latin_America,37473492.282025985
cycle,mean,0.03,bus,bogota,Cycling,Colombia,Latin_America,37473492.282025985
cycle,ub,0.07,bus,bogota,Cycling,Colombia,Latin_America,37473492.282025985
cycle,lb,0.01,bus,bogota,Cycling,Colombia,Latin_America,37473492.282025985
motorcycle,mean,0.43,bus,bogota,Cycling,Colombia,Latin_America,37473492.282025985
motorcycle,ub,0.95,bus,bogota,Cycling,Colombia,Latin_America,37473492.282025985
motorcycle,lb,0.2,bus,bogota,Cycling,Colombia,Latin_America,37473492.282025985
truck,mean,0.4,bus,bogota,Cycling,Colombia,Latin_America,37473492.282025985
truck,ub,0.87,bus,bogota,Cycling,Colombia,Latin_America,37473492.282025985
truck,lb,0.18,bus,bogota,Cycling,Colombia,Latin_America,37473492.282025985
nov,mean,5.64,bus,bogota,Cycling,Colombia,Latin_America,37473492.282025985
nov,ub,9.66,bus,bogota,Cycling,Colombia,Latin_America,37473492.282025985
nov,lb,3.33,bus,bogota,Cycling,Colombia,Latin_America,37473492.282025985
bus,mean,2.16,car,bogota,Cycling,Colombia,Latin_America,27213914.045288097
bus,ub,3.33,car,bogota,Cycling,Colombia,Latin_America,27213914.045288097
bus,lb,1.41,car,bogota,Cycling,Colombia,Latin_America,27213914.045288097
car,mean,0,car,bogota,Cycling,Colombia,Latin_America,27213914.045288097
car,ub,0,car,bogota,Cycling,Colombia,Latin_America,27213914.045288097
car,lb,0,car,bogota,Cycling,Colombia,Latin_America,27213914.045288097
cycle,mean,0.13,car,bogota,Cycling,Colombia,Latin_America,27213914.045288097
cycle,ub,0.24,car,bogota,Cycling,Colombia,Latin_America,27213914.045288097
cycle,lb,0.07,car,bogota,Cycling,Colombia,Latin_America,27213914.045288097
motorcycle,mean,1.88,car,bogota,Cycling,Colombia,Latin_America,27213914.045288097
motorcycle,ub,2.91,car,bogota,Cycling,Colombia,Latin_America,27213914.045288097
motorcycle,lb,1.22,car,bogota,Cycling,Colombia,Latin_America,27213914.045288097
truck,mean,1.74,car,bogota,Cycling,Colombia,Latin_America,27213914.045288097
truck,ub,2.68,car,bogota,Cycling,Colombia,Latin_America,27213914.045288097
truck,lb,1.13,car,bogota,Cycling,Colombia,Latin_America,27213914.045288097
nov,mean,14.42,car,bogota,Cycling,Colombia,Latin_America,27213914.045288097
nov,ub,23.36,car,bogota,Cycling,Colombia,Latin_America,27213914.045288097
nov,lb,9.07,car,bogota,Cycling,Colombia,Latin_America,27213914.045288097
bus,mean,14.83,cycle,bogota,Cycling,Colombia,Latin_America,6201990.383908763
bus,ub,18.55,cycle,bogota,Cycling,Colombia,Latin_America,6201990.383908763
bus,lb,11.86,cycle,bogota,Cycling,Colombia,Latin_America,6201990.383908763
car,mean,19.7,cycle,bogota,Cycling,Colombia,Latin_America,6201990.383908763
car,ub,24.53,cycle,bogota,Cycling,Colombia,Latin_America,6201990.383908763
car,lb,15.84,cycle,bogota,Cycling,Colombia,Latin_America,6201990.383908763
cycle,mean,0,cycle,bogota,Cycling,Colombia,Latin_America,6201990.383908763
cycle,ub,0,cycle,bogota,Cycling,Colombia,Latin_America,6201990.383908763
cycle,lb,0,cycle,bogota,Cycling,Colombia,Latin_America,6201990.383908763
motorcycle,mean,14.68,cycle,bogota,Cycling,Colombia,Latin_America,6201990.383908763
motorcycle,ub,18.59,cycle,bogota,Cycling,Colombia,Latin_America,6201990.383908763
motorcycle,lb,11.6,cycle,bogota,Cycling,Colombia,Latin_America,6201990.383908763
truck,mean,14.84,cycle,bogota,Cycling,Colombia,Latin_America,6201990.383908763
truck,ub,18.59,cycle,bogota,Cycling,Colombia,Latin_America,6201990.383908763
truck,lb,11.85,cycle,bogota,Cycling,Colombia,Latin_America,6201990.383908763
nov,mean,13.14,cycle,bogota,Cycling,Colombia,Latin_America,6201990.383908763
nov,ub,21.28,cycle,bogota,Cycling,Colombia,Latin_America,6201990.383908763
nov,lb,8.24,cycle,bogota,Cycling,Colombia,Latin_America,6201990.383908763
bus,mean,43.81,motorcycle,bogota,Cycling,Colombia,Latin_America,13769665.056795605
bus,ub,52.79,motorcycle,bogota,Cycling,Colombia,Latin_America,13769665.056795605
bus,lb,36.39,motorcycle,bogota,Cycling,Colombia,Latin_America,13769665.056795605
car,mean,58.39,motorcycle,bogota,Cycling,Colombia,Latin_America,13769665.056795605
car,ub,69.92,motorcycle,bogota,Cycling,Colombia,Latin_America,13769665.056795605
car,lb,48.79,motorcycle,bogota,Cycling,Colombia,Latin_America,13769665.056795605
cycle,mean,2.58,motorcycle,bogota,Cycling,Colombia,Latin_America,13769665.056795605
cycle,ub,4.25,motorcycle,bogota,Cycling,Colombia,Latin_America,13769665.056795605
cycle,lb,1.57,motorcycle,bogota,Cycling,Colombia,Latin_America,13769665.056795605
motorcycle,mean,0,motorcycle,bogota,Cycling,Colombia,Latin_America,13769665.056795605
motorcycle,ub,0,motorcycle,bogota,Cycling,Colombia,Latin_America,13769665.056795605
motorcycle,lb,0,motorcycle,bogota,Cycling,Colombia,Latin_America,13769665.056795605
truck,mean,35.23,motorcycle,bogota,Cycling,Colombia,Latin_America,13769665.056795605
truck,ub,42.65,motorcycle,bogota,Cycling,Colombia,Latin_America,13769665.056795605
truck,lb,29.12,motorcycle,bogota,Cycling,Colombia,Latin_America,13769665.056795605
nov,mean,52.04,motorcycle,bogota,Cycling,Colombia,Latin_America,13769665.056795605
nov,ub,72.03,motorcycle,bogota,Cycling,Colombia,Latin_America,13769665.056795605
nov,lb,38.21,motorcycle,bogota,Cycling,Colombia,Latin_America,13769665.056795605
bus,mean,36.91,pedestrian,bogota,Cycling,Colombia,Latin_America,7181369.296209926
bus,ub,45.35,pedestrian,bogota,Cycling,Colombia,Latin_America,7181369.296209926
bus,lb,30.06,pedestrian,bogota,Cycling,Colombia,Latin_America,7181369.296209926
car,mean,49.05,pedestrian,bogota,Cycling,Colombia,Latin_America,7181369.296209926
car,ub,59.94,pedestrian,bogota,Cycling,Colombia,Latin_America,7181369.296209926
car,lb,40.16,pedestrian,bogota,Cycling,Colombia,Latin_America,7181369.296209926
cycle,mean,2.73,pedestrian,bogota,Cycling,Colombia,Latin_America,7181369.296209926
cycle,ub,4.53,pedestrian,bogota,Cycling,Colombia,Latin_America,7181369.296209926
cycle,lb,1.65,pedestrian,bogota,Cycling,Colombia,Latin_America,7181369.296209926
motorcycle,mean,36.55,pedestrian,bogota,Cycling,Colombia,Latin_America,7181369.296209926
motorcycle,ub,45.49,pedestrian,bogota,Cycling,Colombia,Latin_America,7181369.296209926
motorcycle,lb,29.37,pedestrian,bogota,Cycling,Colombia,Latin_America,7181369.296209926
truck,mean,36.94,pedestrian,bogota,Cycling,Colombia,Latin_America,7181369.296209926
truck,ub,45.44,pedestrian,bogota,Cycling,Colombia,Latin_America,7181369.296209926
truck,lb,30.05,pedestrian,bogota,Cycling,Colombia,Latin_America,7181369.296209926
nov,mean,0,pedestrian,bogota,Cycling,Colombia,Latin_America,7181369.296209926
nov,ub,0,pedestrian,bogota,Cycling,Colombia,Latin_America,7181369.296209926
nov,lb,0,pedestrian,bogota,Cycling,Colombia,Latin_America,7181369.296209926
bus,mean,0.14,truck,bogota,Cycling,Colombia,Latin_America,6761083.388006915
bus,ub,0.56,truck,bogota,Cycling,Colombia,Latin_America,6761083.388006915
bus,lb,0.03,truck,bogota,Cycling,Colombia,Latin_America,6761083.388006915
car,mean,0.18,truck,bogota,Cycling,Colombia,Latin_America,6761083.388006915
car,ub,0.75,truck,bogota,Cycling,Colombia,Latin_America,6761083.388006915
car,lb,0.04,truck,bogota,Cycling,Colombia,Latin_America,6761083.388006915
cycle,mean,0.01,truck,bogota,Cycling,Colombia,Latin_America,6761083.388006915
cycle,ub,0.04,truck,bogota,Cycling,Colombia,Latin_America,6761083.388006915
cycle,lb,0,truck,bogota,Cycling,Colombia,Latin_America,6761083.388006915
motorcycle,mean,0.12,truck,bogota,Cycling,Colombia,Latin_America,6761083.388006915
motorcycle,ub,0.49,truck,bogota,Cycling,Colombia,Latin_America,6761083.388006915
motorcycle,lb,0.03,truck,bogota,Cycling,Colombia,Latin_America,6761083.388006915
truck,mean,0,truck,bogota,Cycling,Colombia,Latin_America,6761083.388006915
truck,ub,0,truck,bogota,Cycling,Colombia,Latin_America,6761083.388006915
truck,lb,0,truck,bogota,Cycling,Colombia,Latin_America,6761083.388006915
nov,mean,1.11,truck,bogota,Cycling,Colombia,Latin_America,6761083.388006915
nov,ub,2.9,truck,bogota,Cycling,Colombia,Latin_America,6761083.388006915
nov,lb,0.43,truck,bogota,Cycling,Colombia,Latin_America,6761083.388006915
bus,mean,0,bus,bogota,Car,Colombia,Latin_America,34632280.38944122
bus,ub,0,bus,bogota,Car,Colombia,Latin_America,34632280.38944122
bus,lb,0,bus,bogota,Car,Colombia,Latin_America,34632280.38944122
car,mean,0.69,bus,bogota,Car,Colombia,Latin_America,34632280.38944122
car,ub,1.5,bus,bogota,Car,Colombia,Latin_America,34632280.38944122
car,lb,0.32,bus,bogota,Car,Colombia,Latin_America,34632280.38944122
cycle,mean,0.02,bus,bogota,Car,Colombia,Latin_America,34632280.38944122
cycle,ub,0.05,bus,bogota,Car,Colombia,Latin_America,34632280.38944122
cycle,lb,0.01,bus,bogota,Car,Colombia,Latin_America,34632280.38944122
motorcycle,mean,0.41,bus,bogota,Car,Colombia,Latin_America,34632280.38944122
motorcycle,ub,0.89,bus,bogota,Car,Colombia,Latin_America,34632280.38944122
motorcycle,lb,0.19,bus,bogota,Car,Colombia,Latin_America,34632280.38944122
truck,mean,0.38,bus,bogota,Car,Colombia,Latin_America,34632280.38944122
truck,ub,0.83,bus,bogota,Car,Colombia,Latin_America,34632280.38944122
truck,lb,0.18,bus,bogota,Car,Colombia,Latin_America,34632280.38944122
nov,mean,5.28,bus,bogota,Car,Colombia,Latin_America,34632280.38944122
nov,ub,9.06,bus,bogota,Car,Colombia,Latin_America,34632280.38944122
nov,lb,3.12,bus,bogota,Car,Colombia,Latin_America,34632280.38944122
bus,mean,2.27,car,bogota,Car,Colombia,Latin_America,34244711.29804936
bus,ub,3.49,car,bogota,Car,Colombia,Latin_America,34244711.29804936
bus,lb,1.48,car,bogota,Car,Colombia,Latin_America,34244711.29804936
car,mean,0,car,bogota,Car,Colombia,Latin_America,34244711.29804936
car,ub,0,car,bogota,Car,Colombia,Latin_America,34244711.29804936
car,lb,0,car,bogota,Car,Colombia,Latin_America,34244711.29804936
cycle,mean,0.09,car,bogota,Car,Colombia,Latin_America,34244711.29804936
cycle,ub,0.17,car,bogota,Car,Colombia,Latin_America,34244711.29804936
cycle,lb,0.05,car,bogota,Car,Colombia,Latin_America,34244711.29804936
motorcycle,mean,2.01,car,bogota,Car,Colombia,Latin_America,34244711.29804936
motorcycle,ub,3.11,car,bogota,Car,Colombia,Latin_America,34244711.29804936
motorcycle,lb,1.3,car,bogota,Car,Colombia,Latin_America,34244711.29804936
truck,mean,1.9,car,bogota,Car,Colombia,Latin_America,34244711.29804936
truck,ub,2.93,car,bogota,Car,Colombia,Latin_America,34244711.29804936
truck,lb,1.23,car,bogota,Car,Colombia,Latin_America,34244711.29804936
nov,mean,16.88,car,bogota,Car,Colombia,Latin_America,34244711.29804936
nov,ub,27.19,car,bogota,Car,Colombia,Latin_America,34244711.29804936
nov,lb,10.69,car,bogota,Car,Colombia,Latin_America,34244711.29804936
bus,mean,11.64,cycle,bogota,Car,Colombia,Latin_America,2749183.1856687455
bus,ub,14.46,cycle,bogota,Car,Colombia,Latin_America,2749183.1856687455
bus,lb,9.37,cycle,bogota,Car,Colombia,Latin_America,2749183.1856687455
car,mean,17.02,cycle,bogota,Car,Colombia,Latin_America,2749183.1856687455
car,ub,21.05,cycle,bogota,Car,Colombia,Latin_America,2749183.1856687455
car,lb,13.77,cycle,bogota,Car,Colombia,Latin_America,2749183.1856687455
cycle,mean,0,cycle,bogota,Car,Colombia,Latin_America,2749183.1856687455
cycle,ub,0,cycle,bogota,Car,Colombia,Latin_America,2749183.1856687455
cycle,lb,0,cycle,bogota,Car,Colombia,Latin_America,2749183.1856687455
motorcycle,mean,11.69,cycle,bogota,Car,Colombia,Latin_America,2749183.1856687455
motorcycle,ub,14.71,cycle,bogota,Car,Colombia,Latin_America,2749183.1856687455
motorcycle,lb,9.3,cycle,bogota,Car,Colombia,Latin_America,2749183.1856687455
truck,mean,12.02,cycle,bogota,Car,Colombia,Latin_America,2749183.1856687455
truck,ub,14.95,cycle,bogota,Car,Colombia,Latin_America,2749183.1856687455
truck,lb,9.67,cycle,bogota,Car,Colombia,Latin_America,2749183.1856687455
nov,mean,7.78,cycle,bogota,Car,Colombia,Latin_America,2749183.1856687455
nov,ub,12.27,cycle,bogota,Car,Colombia,Latin_America,2749183.1856687455
nov,lb,4.98,cycle,bogota,Car,Colombia,Latin_America,2749183.1856687455
bus,mean,41.21,motorcycle,bogota,Car,Colombia,Latin_America,13210804.283400776
bus,ub,49.65,motorcycle,bogota,Car,Colombia,Latin_America,13210804.283400776
bus,lb,34.23,motorcycle,bogota,Car,Colombia,Latin_America,13210804.283400776
car,mean,62.29,motorcycle,bogota,Car,Colombia,Latin_America,13210804.283400776
car,ub,74.59,motorcycle,bogota,Car,Colombia,Latin_America,13210804.283400776
car,lb,52.06,motorcycle,bogota,Car,Colombia,Latin_America,13210804.283400776
cycle,mean,1.65,motorcycle,bogota,Car,Colombia,Latin_America,13210804.283400776
cycle,ub,2.72,motorcycle,bogota,Car,Colombia,Latin_America,13210804.283400776
cycle,lb,1,motorcycle,bogota,Car,Colombia,Latin_America,13210804.283400776
motorcycle,mean,0,motorcycle,bogota,Car,Colombia,Latin_America,13210804.283400776
motorcycle,ub,0,motorcycle,bogota,Car,Colombia,Latin_America,13210804.283400776
motorcycle,lb,0,motorcycle,bogota,Car,Colombia,Latin_America,13210804.283400776
truck,mean,34.53,motorcycle,bogota,Car,Colombia,Latin_America,13210804.283400776
truck,ub,41.8,motorcycle,bogota,Car,Colombia,Latin_America,13210804.283400776
truck,lb,28.55,motorcycle,bogota,Car,Colombia,Latin_America,13210804.283400776
nov,mean,50.4,motorcycle,bogota,Car,Colombia,Latin_America,13210804.283400776
nov,ub,69.72,motorcycle,bogota,Car,Colombia,Latin_America,13210804.283400776
nov,lb,37.02,motorcycle,bogota,Car,Colombia,Latin_America,13210804.283400776
bus,mean,35.54,pedestrian,bogota,Car,Colombia,Latin_America,7111725.767632352
bus,ub,43.67,pedestrian,bogota,Car,Colombia,Latin_America,7111725.767632352
bus,lb,28.94,pedestrian,bogota,Car,Colombia,Latin_America,7111725.767632352
car,mean,51.99,pedestrian,bogota,Car,Colombia,Latin_America,7111725.767632352
car,ub,63.55,pedestrian,bogota,Car,Colombia,Latin_America,7111725.767632352
car,lb,42.56,pedestrian,bogota,Car,Colombia,Latin_America,7111725.767632352
cycle,mean,1.96,pedestrian,bogota,Car,Colombia,Latin_America,7111725.767632352
cycle,ub,3.25,pedestrian,bogota,Car,Colombia,Latin_America,7111725.767632352
cycle,lb,1.18,pedestrian,bogota,Car,Colombia,Latin_America,7111725.767632352
motorcycle,mean,35.72,pedestrian,bogota,Car,Colombia,Latin_America,7111725.767632352
motorcycle,ub,44.47,pedestrian,bogota,Car,Colombia,Latin_America,7111725.767632352
motorcycle,lb,28.7,pedestrian,bogota,Car,Colombia,Latin_America,7111725.767632352
truck,mean,36.71,pedestrian,bogota,Car,Colombia,Latin_America,7111725.767632352
truck,ub,45.16,pedestrian,bogota,Car,Colombia,Latin_America,7111725.767632352
truck,lb,29.85,pedestrian,bogota,Car,Colombia,Latin_America,7111725.767632352
nov,mean,0,pedestrian,bogota,Car,Colombia,Latin_America,7111725.767632352
nov,ub,0,pedestrian,bogota,Car,Colombia,Latin_America,7111725.767632352
nov,lb,0,pedestrian,bogota,Car,Colombia,Latin_America,7111725.767632352
bus,mean,0.13,truck,bogota,Car,Colombia,Latin_America,6761083.388006915
bus,ub,0.54,truck,bogota,Car,Colombia,Latin_America,6761083.388006915
bus,lb,0.03,truck,bogota,Car,Colombia,Latin_America,6761083.388006915
car,mean,0.2,truck,bogota,Car,Colombia,Latin_America,6761083.388006915
car,ub,0.82,truck,bogota,Car,Colombia,Latin_America,6761083.388006915
car,lb,0.05,truck,bogota,Car,Colombia,Latin_America,6761083.388006915
cycle,mean,0.01,truck,bogota,Car,Colombia,Latin_America,6761083.388006915
cycle,ub,0.02,truck,bogota,Car,Colombia,Latin_America,6761083.388006915
cycle,lb,0,truck,bogota,Car,Colombia,Latin_America,6761083.388006915
motorcycle,mean,0.12,truck,bogota,Car,Colombia,Latin_America,6761083.388006915
motorcycle,ub,0.48,truck,bogota,Car,Colombia,Latin_America,6761083.388006915
motorcycle,lb,0.03,truck,bogota,Car,Colombia,Latin_America,6761083.388006915
truck,mean,0,truck,bogota,Car,Colombia,Latin_America,6761083.388006915
truck,ub,0,truck,bogota,Car,Colombia,Latin_America,6761083.388006915
truck,lb,0,truck,bogota,Car,Colombia,Latin_America,6761083.388006915
nov,mean,1.11,truck,bogota,Car,Colombia,Latin_America,6761083.388006915
nov,ub,2.9,truck,bogota,Car,Colombia,Latin_America,6761083.388006915
nov,lb,0.43,truck,bogota,Car,Colombia,Latin_America,6761083.388006915
bus,mean,0,bus,bogota,Bus,Colombia,Latin_America,45017466.82029755
bus,ub,0,bus,bogota,Bus,Colombia,Latin_America,45017466.82029755
bus,lb,0,bus,bogota,Bus,Colombia,Latin_America,45017466.82029755
car,mean,0.7,bus,bogota,Bus,Colombia,Latin_America,45017466.82029755
car,ub,1.52,bus,bogota,Bus,Colombia,Latin_America,45017466.82029755
car,lb,0.32,bus,bogota,Bus,Colombia,Latin_America,45017466.82029755
cycle,mean,0.02,bus,bogota,Bus,Colombia,Latin_America,45017466.82029755
cycle,ub,0.05,bus,bogota,Bus,Colombia,Latin_America,45017466.82029755
cycle,lb,0.01,bus,bogota,Bus,Colombia,Latin_America,45017466.82029755
motorcycle,mean,0.46,bus,bogota,Bus,Colombia,Latin_America,45017466.82029755
motorcycle,ub,1.01,bus,bogota,Bus,Colombia,Latin_America,45017466.82029755
motorcycle,lb,0.21,bus,bogota,Bus,Colombia,Latin_America,45017466.82029755
truck,mean,0.45,bus,bogota,Bus,Colombia,Latin_America,45017466.82029755
truck,ub,0.98,bus,bogota,Bus,Colombia,Latin_America,45017466.82029755
truck,lb,0.21,bus,bogota,Bus,Colombia,Latin_America,45017466.82029755
nov,mean,6.49,bus,bogota,Bus,Colombia,Latin_America,45017466.82029755
nov,ub,11.16,bus,bogota,Bus,Colombia,Latin_America,45017466.82029755
nov,lb,3.83,bus,bogota,Bus,Colombia,Latin_America,45017466.82029755
bus,mean,2.24,car,bogota,Bus,Colombia,Latin_America,23071166.164199784
bus,ub,3.45,car,bogota,Bus,Colombia,Latin_America,23071166.164199784
bus,lb,1.46,car,bogota,Bus,Colombia,Latin_America,23071166.164199784
car,mean,0,car,bogota,Bus,Colombia,Latin_America,23071166.164199784
car,ub,0,car,bogota,Bus,Colombia,Latin_America,23071166.164199784
car,lb,0,car,bogota,Bus,Colombia,Latin_America,23071166.164199784
cycle,mean,0.08,car,bogota,Bus,Colombia,Latin_America,23071166.164199784
cycle,ub,0.14,car,bogota,Bus,Colombia,Latin_America,23071166.164199784
cycle,lb,0.04,car,bogota,Bus,Colombia,Latin_America,23071166.164199784
motorcycle,mean,1.69,car,bogota,Bus,Colombia,Latin_America,23071166.164199784
motorcycle,ub,2.61,car,bogota,Bus,Colombia,Latin_America,23071166.164199784
motorcycle,lb,1.09,car,bogota,Bus,Colombia,Latin_America,23071166.164199784
truck,mean,1.64,car,bogota,Bus,Colombia,Latin_America,23071166.164199784
truck,ub,2.52,car,bogota,Bus,Colombia,Latin_America,23071166.164199784
truck,lb,1.06,car,bogota,Bus,Colombia,Latin_America,23071166.164199784
nov,mean,13.21,car,bogota,Bus,Colombia,Latin_America,23071166.164199784
nov,ub,21.4,car,bogota,Bus,Colombia,Latin_America,23071166.164199784
nov,lb,8.31,car,bogota,Bus,Colombia,Latin_America,23071166.164199784
bus,mean,12.47,cycle,bogota,Bus,Colombia,Latin_America,2575065.755478045
bus,ub,15.5,cycle,bogota,Bus,Colombia,Latin_America,2575065.755478045
bus,lb,10.04,cycle,bogota,Bus,Colombia,Latin_America,2575065.755478045
car,mean,14.75,cycle,bogota,Bus,Colombia,Latin_America,2575065.755478045
car,ub,18.24,cycle,bogota,Bus,Colombia,Latin_America,2575065.755478045
car,lb,11.93,cycle,bogota,Bus,Colombia,Latin_America,2575065.755478045
cycle,mean,0,cycle,bogota,Bus,Colombia,Latin_America,2575065.755478045
cycle,ub,0,cycle,bogota,Bus,Colombia,Latin_America,2575065.755478045
cycle,lb,0,cycle,bogota,Bus,Colombia,Latin_America,2575065.755478045
motorcycle,mean,11.05,cycle,bogota,Bus,Colombia,Latin_America,2575065.755478045
motorcycle,ub,13.91,cycle,bogota,Bus,Colombia,Latin_America,2575065.755478045
motorcycle,lb,8.79,cycle,bogota,Bus,Colombia,Latin_America,2575065.755478045
truck,mean,11.6,cycle,bogota,Bus,Colombia,Latin_America,2575065.755478045
truck,ub,14.43,cycle,bogota,Bus,Colombia,Latin_America,2575065.755478045
truck,lb,9.33,cycle,bogota,Bus,Colombia,Latin_America,2575065.755478045
nov,mean,7.34,cycle,bogota,Bus,Colombia,Latin_America,2575065.755478045
nov,ub,11.58,cycle,bogota,Bus,Colombia,Latin_America,2575065.755478045
nov,lb,4.7,cycle,bogota,Bus,Colombia,Latin_America,2575065.755478045
bus,mean,46.05,motorcycle,bogota,Bus,Colombia,Latin_America,12538604.242899053
bus,ub,55.5,motorcycle,bogota,Bus,Colombia,Latin_America,12538604.242899053
bus,lb,38.23,motorcycle,bogota,Bus,Colombia,Latin_America,12538604.242899053
car,mean,52.64,motorcycle,bogota,Bus,Colombia,Latin_America,12538604.242899053
car,ub,63.06,motorcycle,bogota,Bus,Colombia,Latin_America,12538604.242899053
car,lb,43.98,motorcycle,bogota,Bus,Colombia,Latin_America,12538604.242899053
cycle,mean,1.55,motorcycle,bogota,Bus,Colombia,Latin_America,12538604.242899053
cycle,ub,2.56,motorcycle,bogota,Bus,Colombia,Latin_America,12538604.242899053
cycle,lb,0.94,motorcycle,bogota,Bus,Colombia,Latin_America,12538604.242899053
motorcycle,mean,0,motorcycle,bogota,Bus,Colombia,Latin_America,12538604.242899053
motorcycle,ub,0,motorcycle,bogota,Bus,Colombia,Latin_America,12538604.242899053
motorcycle,lb,0,motorcycle,bogota,Bus,Colombia,Latin_America,12538604.242899053
truck,mean,33.62,motorcycle,bogota,Bus,Colombia,Latin_America,12538604.242899053
truck,ub,40.72,motorcycle,bogota,Bus,Colombia,Latin_America,12538604.242899053
truck,lb,27.79,motorcycle,bogota,Bus,Colombia,Latin_America,12538604.242899053
nov,mean,47.98,motorcycle,bogota,Bus,Colombia,Latin_America,12538604.242899053
nov,ub,66.51,motorcycle,bogota,Bus,Colombia,Latin_America,12538604.242899053
nov,lb,35.18,motorcycle,bogota,Bus,Colombia,Latin_America,12538604.242899053
bus,mean,41.25,pedestrian,bogota,Bus,Colombia,Latin_America,7716790.160518484
bus,ub,50.68,pedestrian,bogota,Bus,Colombia,Latin_America,7716790.160518484
bus,lb,33.6,pedestrian,bogota,Bus,Colombia,Latin_America,7716790.160518484
car,mean,48.77,pedestrian,bogota,Bus,Colombia,Latin_America,7716790.160518484
car,ub,59.6,pedestrian,bogota,Bus,Colombia,Latin_America,7716790.160518484
car,lb,39.94,pedestrian,bogota,Bus,Colombia,Latin_America,7716790.160518484
cycle,mean,2,pedestrian,bogota,Bus,Colombia,Latin_America,7716790.160518484
cycle,ub,3.31,pedestrian,bogota,Bus,Colombia,Latin_America,7716790.160518484
cycle,lb,1.21,pedestrian,bogota,Bus,Colombia,Latin_America,7716790.160518484
motorcycle,mean,36.56,pedestrian,bogota,Bus,Colombia,Latin_America,7716790.160518484
motorcycle,ub,45.51,pedestrian,bogota,Bus,Colombia,Latin_America,7716790.160518484
motorcycle,lb,29.38,pedestrian,bogota,Bus,Colombia,Latin_America,7716790.160518484
truck,mean,38.36,pedestrian,bogota,Bus,Colombia,Latin_America,7716790.160518484
truck,ub,47.19,pedestrian,bogota,Bus,Colombia,Latin_America,7716790.160518484
truck,lb,31.21,pedestrian,bogota,Bus,Colombia,Latin_America,7716790.160518484
nov,mean,0,pedestrian,bogota,Bus,Colombia,Latin_America,7716790.160518484
nov,ub,0,pedestrian,bogota,Bus,Colombia,Latin_America,7716790.160518484
nov,lb,0,pedestrian,bogota,Bus,Colombia,Latin_America,7716790.160518484
bus,mean,0.15,truck,bogota,Bus,Colombia,Latin_America,6761083.388006915
bus,ub,0.62,truck,bogota,Bus,Colombia,Latin_America,6761083.388006915
bus,lb,0.04,truck,bogota,Bus,Colombia,Latin_America,6761083.388006915
car,mean,0.17,truck,bogota,Bus,Colombia,Latin_America,6761083.388006915
car,ub,0.71,truck,bogota,Bus,Colombia,Latin_America,6761083.388006915
car,lb,0.04,truck,bogota,Bus,Colombia,Latin_America,6761083.388006915
cycle,mean,0.01,truck,bogota,Bus,Colombia,Latin_America,6761083.388006915
cycle,ub,0.02,truck,bogota,Bus,Colombia,Latin_America,6761083.388006915
cycle,lb,0,truck,bogota,Bus,Colombia,Latin_America,6761083.388006915
motorcycle,mean,0.11,truck,bogota,Bus,Colombia,Latin_America,6761083.388006915
motorcycle,ub,0.47,truck,bogota,Bus,Colombia,Latin_America,6761083.388006915
motorcycle,lb,0.03,truck,bogota,Bus,Colombia,Latin_America,6761083.388006915
truck,mean,0,truck,bogota,Bus,Colombia,Latin_America,6761083.388006915
truck,ub,0,truck,bogota,Bus,Colombia,Latin_America,6761083.388006915
truck,lb,0,truck,bogota,Bus,Colombia,Latin_America,6761083.388006915
nov,mean,1.11,truck,bogota,Bus,Colombia,Latin_America,6761083.388006915
nov,ub,2.9,truck,bogota,Bus,Colombia,Latin_America,6761083.388006915
nov,lb,0.43,truck,bogota,Bus,Colombia,Latin_America,6761083.388006915
bus,mean,0,bus,bogota,Baseline,Colombia,Latin_America,38891386.71347463
car,mean,0.44531433880458354,bus,bogota,Baseline,Colombia,Latin_America,38891386.71347463
cycle,mean,0.22265716940229177,bus,bogota,Baseline,Colombia,Latin_America,38891386.71347463
motorcycle,mean,0.22265716940229177,bus,bogota,Baseline,Colombia,Latin_America,38891386.71347463
truck,mean,0.6679715082068753,bus,bogota,Baseline,Colombia,Latin_America,38891386.71347463
bus,mean,3.3398575410343767,car,bogota,Baseline,Colombia,Latin_America,28185306.86771144
car,mean,0,car,bogota,Baseline,Colombia,Latin_America,28185306.86771144
cycle,mean,0,car,bogota,Baseline,Colombia,Latin_America,28185306.86771144
motorcycle,mean,0.6679715082068753,car,bogota,Baseline,Colombia,Latin_America,28185306.86771144
truck,mean,2.003914524620626,car,bogota,Baseline,Colombia,Latin_America,28185306.86771144
bus,mean,17.144602043976466,cycle,bogota,Baseline,Colombia,Latin_America,3028905.406826921
car,mean,16.921944874574173,cycle,bogota,Baseline,Colombia,Latin_America,3028905.406826921
cycle,mean,0,cycle,bogota,Baseline,Colombia,Latin_America,3028905.406826921
motorcycle,mean,4.453143388045835,cycle,bogota,Baseline,Colombia,Latin_America,3028905.406826921
truck,mean,16.031316196965008,cycle,bogota,Baseline,Colombia,Latin_America,3028905.406826921
bus,mean,37.62906162898731,motorcycle,bogota,Baseline,Colombia,Latin_America,14050058.883477107
car,mean,50.09786311551564,motorcycle,bogota,Baseline,Colombia,Latin_America,14050058.883477107
cycle,mean,2.2265716940229177,motorcycle,bogota,Baseline,Colombia,Latin_America,14050058.883477107
motorcycle,mean,0,motorcycle,bogota,Baseline,Colombia,Latin_America,14050058.883477107
truck,mean,52.32443480953856,motorcycle,bogota,Baseline,Colombia,Latin_America,14050058.883477107
bus,mean,40.5236048312171,pedestrian,bogota,Baseline,Colombia,Latin_America,7623586.646322806
car,mean,60.56275007742335,pedestrian,bogota,Baseline,Colombia,Latin_America,7623586.646322806
cycle,mean,1.5586001858160423,pedestrian,bogota,Baseline,Colombia,Latin_America,7623586.646322806
motorcycle,mean,47.20331991328585,pedestrian,bogota,Baseline,Colombia,Latin_America,7623586.646322806
truck,mean,17.144602043976466,pedestrian,bogota,Baseline,Colombia,Latin_America,7623586.646322806
bus,mean,0,truck,bogota,Baseline,Colombia,Latin_America,6761083.388006915
car,mean,0.22265716940229177,truck,bogota,Baseline,Colombia,Latin_America,6761083.388006915
cycle,mean,0,truck,bogota,Baseline,Colombia,Latin_America,6761083.388006915
motorcycle,mean,0.22265716940229177,truck,bogota,Baseline,Colombia,Latin_America,6761083.388006915
truck,mean,0,truck,bogota,Baseline,Colombia,Latin_America,6761083.388006915
nov,mean,5.789086404459586,bus,bogota,Baseline,Colombia,Latin_America,38891386.71347463
nov,mean,14.695373180551258,car,bogota,Baseline,Colombia,Latin_America,28185306.86771144
nov,mean,8.460972437287086,cycle,bogota,Baseline,Colombia,Latin_America,3028905.406826921
nov,mean,52.99240631774544,motorcycle,bogota,Baseline,Colombia,Latin_America,14050058.883477107
nov,mean,1.1132858470114588,truck,bogota,Baseline,Colombia,Latin_America,6761083.388006915
bus,lb,41.53,active_travel,bogota,Baseline predicted,Colombia,Latin_America,10652492.053149726
bus,lb,43.64,active_travel,bogota,Bus,Colombia,Latin_America,10291855.91599653
bus,lb,38.31,active_travel,bogota,Car,Colombia,Latin_America,9860908.953301098
bus,lb,41.92,active_travel,bogota,Cycling,Colombia,Latin_America,13383359.680118687
bus,mean,57.66820687519356,active_travel,bogota,Baseline,Colombia,Latin_America,10652492.053149726
bus,mean,51.13,active_travel,bogota,Baseline predicted,Colombia,Latin_America,10652492.053149726
bus,mean,53.72,active_travel,bogota,Bus,Colombia,Latin_America,10291855.91599653
bus,mean,47.18,active_travel,bogota,Car,Colombia,Latin_America,9860908.953301098
bus,mean,51.739999999999995,active_travel,bogota,Cycling,Colombia,Latin_America,13383359.680118687
bus,ub,63,active_travel,bogota,Baseline predicted,Colombia,Latin_America,10652492.053149726
bus,ub,66.18,active_travel,bogota,Bus,Colombia,Latin_America,10291855.91599653
bus,ub,58.13,active_travel,bogota,Car,Colombia,Latin_America,9860908.953301098
bus,ub,63.900000000000006,active_travel,bogota,Cycling,Colombia,Latin_America,13383359.680118687
car,lb,55.2,active_travel,bogota,Baseline predicted,Colombia,Latin_America,10652492.053149726
car,lb,51.87,active_travel,bogota,Bus,Colombia,Latin_America,10291855.91599653
car,lb,56.33,active_travel,bogota,Car,Colombia,Latin_America,9860908.953301098
car,lb,56,active_travel,bogota,Cycling,Colombia,Latin_America,13383359.680118687
car,mean,77.48469495199753,active_travel,bogota,Baseline,Colombia,Latin_America,10652492.053149726
car,mean,67.62,active_travel,bogota,Baseline predicted,Colombia,Latin_America,10652492.053149726
car,mean,63.52,active_travel,bogota,Bus,Colombia,Latin_America,10291855.91599653
car,mean,69.01,active_travel,bogota,Car,Colombia,Latin_America,9860908.953301098
car,mean,68.75,active_travel,bogota,Cycling,Colombia,Latin_America,13383359.680118687
car,ub,82.88,active_travel,bogota,Baseline predicted,Colombia,Latin_America,10652492.053149726
car,ub,77.84,active_travel,bogota,Bus,Colombia,Latin_America,10291855.91599653
car,ub,84.6,active_travel,bogota,Car,Colombia,Latin_America,9860908.953301098
car,ub,84.47,active_travel,bogota,Cycling,Colombia,Latin_America,13383359.680118687
cycle,lb,1.27,active_travel,bogota,Baseline predicted,Colombia,Latin_America,10652492.053149726
cycle,lb,1.21,active_travel,bogota,Bus,Colombia,Latin_America,10291855.91599653
cycle,lb,1.18,active_travel,bogota,Car,Colombia,Latin_America,9860908.953301098
cycle,lb,1.65,active_travel,bogota,Cycling,Colombia,Latin_America,13383359.680118687
cycle,mean,1.5586001858160423,active_travel,bogota,Baseline,Colombia,Latin_America,10652492.053149726
cycle,mean,2.1,active_travel,bogota,Baseline predicted,Colombia,Latin_America,10652492.053149726
cycle,mean,2,active_travel,bogota,Bus,Colombia,Latin_America,10291855.91599653
cycle,mean,1.96,active_travel,bogota,Car,Colombia,Latin_America,9860908.953301098
cycle,mean,2.73,active_travel,bogota,Cycling,Colombia,Latin_America,13383359.680118687
cycle,ub,3.49,active_travel,bogota,Baseline predicted,Colombia,Latin_America,10652492.053149726
cycle,ub,3.31,active_travel,bogota,Bus,Colombia,Latin_America,10291855.91599653
cycle,ub,3.25,active_travel,bogota,Car,Colombia,Latin_America,9860908.953301098
cycle,ub,4.53,active_travel,bogota,Cycling,Colombia,Latin_America,13383359.680118687
motorcycle,lb,40.3,active_travel,bogota,Baseline predicted,Colombia,Latin_America,10652492.053149726
motorcycle,lb,38.17,active_travel,bogota,Bus,Colombia,Latin_America,10291855.91599653
motorcycle,lb,38,active_travel,bogota,Car,Colombia,Latin_America,9860908.953301098
motorcycle,lb,40.97,active_travel,bogota,Cycling,Colombia,Latin_America,13383359.680118687
motorcycle,mean,51.65646330133169,active_travel,bogota,Baseline,Colombia,Latin_America,10652492.053149726
motorcycle,mean,50.28,active_travel,bogota,Baseline predicted,Colombia,Latin_America,10652492.053149726
motorcycle,mean,47.61,active_travel,bogota,Bus,Colombia,Latin_America,10291855.91599653
motorcycle,mean,47.41,active_travel,bogota,Car,Colombia,Latin_America,9860908.953301098
motorcycle,mean,51.23,active_travel,bogota,Cycling,Colombia,Latin_America,13383359.680118687
motorcycle,ub,62.76,active_travel,bogota,Baseline predicted,Colombia,Latin_America,10652492.053149726
motorcycle,ub,59.42,active_travel,bogota,Bus,Colombia,Latin_America,10291855.91599653
motorcycle,ub,59.18,active_travel,bogota,Car,Colombia,Latin_America,9860908.953301098
motorcycle,ub,64.08,active_travel,bogota,Cycling,Colombia,Latin_America,13383359.680118687
nov,lb,5.43,active_travel,bogota,Baseline predicted,Colombia,Latin_America,10652492.053149726
nov,lb,4.7,active_travel,bogota,Bus,Colombia,Latin_America,10291855.91599653
nov,lb,4.98,active_travel,bogota,Car,Colombia,Latin_America,9860908.953301098
nov,lb,8.24,active_travel,bogota,Cycling,Colombia,Latin_America,13383359.680118687
nov,mean,8.460972437287086,active_travel,bogota,Baseline,Colombia,Latin_America,3028905.406826921
nov,mean,8.46,active_travel,bogota,Baseline predicted,Colombia,Latin_America,10652492.053149726
nov,mean,7.34,active_travel,bogota,Bus,Colombia,Latin_America,10291855.91599653
nov,mean,7.78,active_travel,bogota,Car,Colombia,Latin_America,9860908.953301098
nov,mean,13.14,active_travel,bogota,Cycling,Colombia,Latin_America,13383359.680118687
nov,ub,13.34,active_travel,bogota,Baseline predicted,Colombia,Latin_America,10652492.053149726
nov,ub,11.58,active_travel,bogota,Bus,Colombia,Latin_America,10291855.91599653
nov,ub,12.27,active_travel,bogota,Car,Colombia,Latin_America,9860908.953301098
nov,ub,21.28,active_travel,bogota,Cycling,Colombia,Latin_America,13383359.680118687
truck,lb,40.89,active_travel,bogota,Baseline predicted,Colombia,Latin_America,10652492.053149726
truck,lb,40.54,active_travel,bogota,Bus,Colombia,Latin_America,10291855.91599653
truck,lb,39.52,active_travel,bogota,Car,Colombia,Latin_America,9860908.953301098
truck,lb,41.9,active_travel,bogota,Cycling,Colombia,Latin_America,13383359.680118687
truck,mean,33.17591824094147,active_travel,bogota,Baseline,Colombia,Latin_America,10652492.053149726
truck,mean,50.410000000000004,active_travel,bogota,Baseline predicted,Colombia,Latin_America,10652492.053149726
truck,mean,49.96,active_travel,bogota,Bus,Colombia,Latin_America,10291855.91599653
truck,mean,48.730000000000004,active_travel,bogota,Car,Colombia,Latin_America,9860908.953301098
truck,mean,51.78,active_travel,bogota,Cycling,Colombia,Latin_America,13383359.680118687
truck,ub,62.19,active_travel,bogota,Baseline predicted,Colombia,Latin_America,10652492.053149726
truck,ub,61.62,active_travel,bogota,Bus,Colombia,Latin_America,10291855.91599653
truck,ub,60.11,active_travel,bogota,Car,Colombia,Latin_America,9860908.953301098
truck,ub,64.03,active_travel,bogota,Cycling,Colombia,Latin_America,13383359.680118687
Total,lb,184.62,active_travel,bogota,Baseline predicted,Colombia,Latin_America,10652492.053149726
Total,lb,180.13,active_travel,bogota,Bus,Colombia,Latin_America,10291855.91599653
Total,lb,178.32,active_travel,bogota,Car,Colombia,Latin_America,9860908.953301098
Total,lb,190.68,active_travel,bogota,Cycling,Colombia,Latin_America,13383359.680118687
Total,lb,4.13,bus,bogota,Baseline predicted,Colombia,Latin_America,38891386.71347463
Total,lb,4.58,bus,bogota,Bus,Colombia,Latin_America,45017466.82029755
Total,lb,3.8200000000000003,bus,bogota,Car,Colombia,Latin_America,34632280.38944122
Total,lb,4.0200000000000005,bus,bogota,Cycling,Colombia,Latin_America,37473492.282025985
Total,lb,13.13,car,bogota,Baseline predicted,Colombia,Latin_America,28185306.86771144
Total,lb,11.96,car,bogota,Bus,Colombia,Latin_America,23071166.164199784
Total,lb,14.75,car,bogota,Car,Colombia,Latin_America,34244711.29804936
Total,lb,12.9,car,bogota,Cycling,Colombia,Latin_America,27213914.045288097
Total,lb,49.3,cycle,bogota,Baseline predicted,Colombia,Latin_America,3028905.406826921
Total,lb,44.79,cycle,bogota,Bus,Colombia,Latin_America,2575065.755478045
Total,lb,47.09,cycle,bogota,Car,Colombia,Latin_America,2749183.1856687455
Total,lb,59.39,cycle,bogota,Cycling,Colombia,Latin_America,6201990.383908763
Total,lb,156.86,motorcycle,bogota,Baseline predicted,Colombia,Latin_America,14050058.883477107
Total,lb,146.12,motorcycle,bogota,Bus,Colombia,Latin_America,12538604.242899053
Total,lb,152.86,motorcycle,bogota,Car,Colombia,Latin_America,13210804.283400776
Total,lb,154.08,motorcycle,bogota,Cycling,Colombia,Latin_America,13769665.056795605
Total,lb,135.32,pedestrian,bogota,Baseline predicted,Colombia,Latin_America,7623586.646322806
Total,lb,135.34,pedestrian,bogota,Bus,Colombia,Latin_America,7716790.160518484
Total,lb,131.23000000000002,pedestrian,bogota,Car,Colombia,Latin_America,7111725.767632352
Total,lb,131.29,pedestrian,bogota,Cycling,Colombia,Latin_America,7181369.296209926
Total,lb,0.53,truck,bogota,Baseline predicted,Colombia,Latin_America,6761083.388006915
Total,lb,0.54,truck,bogota,Bus,Colombia,Latin_America,6761083.388006915
Total,lb,0.54,truck,bogota,Car,Colombia,Latin_America,6761083.388006915
Total,lb,0.53,truck,bogota,Cycling,Colombia,Latin_America,6761083.388006915
Total,mean,8.460972437287086,active_travel,bogota,Baseline,Colombia,Latin_America,3028905.406826921
Total,mean,221.5438835552803,active_travel,bogota,Baseline,Colombia,Latin_America,10652492.053149726
Total,mean,230,active_travel,bogota,Baseline predicted,Colombia,Latin_America,10652492.053149726
Total,mean,224.15,active_travel,bogota,Bus,Colombia,Latin_America,10291855.91599653
Total,mean,222.07,active_travel,bogota,Car,Colombia,Latin_America,9860908.953301098
Total,mean,239.37,active_travel,bogota,Cycling,Colombia,Latin_America,13383359.680118687
Total,mean,7.347686590275629,bus,bogota,Baseline,Colombia,Latin_America,38891386.71347463
Total,mean,7.35,bus,bogota,Baseline predicted,Colombia,Latin_America,38891386.71347463
Total,mean,8.120000000000001,bus,bogota,Bus,Colombia,Latin_America,45017466.82029755
Total,mean,6.78,bus,bogota,Car,Colombia,Latin_America,34632280.38944122
Total,mean,7.16,bus,bogota,Cycling,Colombia,Latin_America,37473492.282025985
Total,mean,20.707116754413136,car,bogota,Baseline,Colombia,Latin_America,28185306.86771144
Total,mean,20.71,car,bogota,Baseline predicted,Colombia,Latin_America,28185306.86771144
Total,mean,18.86,car,bogota,Bus,Colombia,Latin_America,23071166.164199784
Total,mean,23.15,car,bogota,Car,Colombia,Latin_America,34244711.29804936
Total,mean,20.33,car,bogota,Cycling,Colombia,Latin_America,27213914.045288097
Total,mean,63.01197894084857,cycle,bogota,Baseline,Colombia,Latin_America,3028905.406826921
Total,mean,63.01,cycle,bogota,Baseline predicted,Colombia,Latin_America,3028905.406826921
Total,mean,57.21,cycle,bogota,Bus,Colombia,Latin_America,2575065.755478045
Total,mean,60.15,cycle,bogota,Car,Colombia,Latin_America,2749183.1856687455
Total,mean,77.19,cycle,bogota,Cycling,Colombia,Latin_America,6201990.383908763
Total,mean,195.27033756580988,motorcycle,bogota,Baseline,Colombia,Latin_America,14050058.883477107
Total,mean,195.27,motorcycle,bogota,Baseline predicted,Colombia,Latin_America,14050058.883477107
Total,mean,181.84,motorcycle,bogota,Bus,Colombia,Latin_America,12538604.242899053
Total,mean,190.08,motorcycle,bogota,Car,Colombia,Latin_America,13210804.283400776
Total,mean,192.05,motorcycle,bogota,Cycling,Colombia,Latin_America,13769665.056795605
Total,mean,166.9928770517188,pedestrian,bogota,Baseline,Colombia,Latin_America,7623586.646322806
Total,mean,166.99,pedestrian,bogota,Baseline predicted,Colombia,Latin_America,7623586.646322806
Total,mean,166.94,pedestrian,bogota,Bus,Colombia,Latin_America,7716790.160518484
Total,mean,161.92,pedestrian,bogota,Car,Colombia,Latin_America,7111725.767632352
Total,mean,162.17999999999998,pedestrian,bogota,Cycling,Colombia,Latin_America,7181369.296209926
Total,mean,1.5586001858160423,truck,bogota,Baseline,Colombia,Latin_America,6761083.388006915
Total,mean,1.56,truck,bogota,Baseline predicted,Colombia,Latin_America,6761083.388006915
Total,mean,1.55,truck,bogota,Bus,Colombia,Latin_America,6761083.388006915
Total,mean,1.57,truck,bogota,Car,Colombia,Latin_America,6761083.388006915
Total,mean,1.56,truck,bogota,Cycling,Colombia,Latin_America,6761083.388006915
Total,ub,287.65999999999997,active_travel,bogota,Baseline predicted,Colombia,Latin_America,10652492.053149726
Total,ub,279.95,active_travel,bogota,Bus,Colombia,Latin_America,10291855.91599653
Total,ub,277.54,active_travel,bogota,Car,Colombia,Latin_America,9860908.953301098
Total,ub,302.29,active_travel,bogota,Cycling,Colombia,Latin_America,13383359.680118687
Total,ub,13.33,bus,bogota,Baseline predicted,Colombia,Latin_America,38891386.71347463
Total,ub,14.72,bus,bogota,Bus,Colombia,Latin_America,45017466.82029755
Total,ub,12.33,bus,bogota,Car,Colombia,Latin_America,34632280.38944122
Total,ub,12.99,bus,bogota,Cycling,Colombia,Latin_America,37473492.282025985
Total,ub,33.14,car,bogota,Baseline predicted,Colombia,Latin_America,28185306.86771144
Total,ub,30.119999999999997,car,bogota,Bus,Colombia,Latin_America,23071166.164199784
Total,ub,36.89,car,bogota,Car,Colombia,Latin_America,34244711.29804936
Total,ub,32.52,car,bogota,Cycling,Colombia,Latin_America,27213914.045288097
Total,ub,81.22,cycle,bogota,Baseline predicted,Colombia,Latin_America,3028905.406826921
Total,ub,73.66,cycle,bogota,Bus,Colombia,Latin_America,2575065.755478045
Total,ub,77.44,cycle,bogota,Car,Colombia,Latin_America,2749183.1856687455
Total,ub,101.54,cycle,bogota,Cycling,Colombia,Latin_America,6201990.383908763
Total,ub,245.29,motorcycle,bogota,Baseline predicted,Colombia,Latin_America,14050058.883477107
Total,ub,228.35,motorcycle,bogota,Bus,Colombia,Latin_America,12538604.242899053
Total,ub,238.48,motorcycle,bogota,Car,Colombia,Latin_America,13210804.283400776
Total,ub,241.64,motorcycle,bogota,Cycling,Colombia,Latin_America,13769665.056795605
Total,ub,206.44,pedestrian,bogota,Baseline predicted,Colombia,Latin_America,7623586.646322806
Total,ub,206.29,pedestrian,bogota,Bus,Colombia,Latin_America,7716790.160518484
Total,ub,200.1,pedestrian,bogota,Car,Colombia,Latin_America,7111725.767632352
Total,ub,200.75,pedestrian,bogota,Cycling,Colombia,Latin_America,7181369.296209926
Total,ub,4.75,truck,bogota,Baseline predicted,Colombia,Latin_America,6761083.388006915
Total,ub,4.72,truck,bogota,Bus,Colombia,Latin_America,6761083.388006915
Total,ub,4.76,truck,bogota,Car,Colombia,Latin_America,6761083.388006915
Total,ub,4.74,truck,bogota,Cycling,Colombia,Latin_America,6761083.388006915
